# Timestamp,Type of mobile,MMSI,Latitude,Longitude,Navigational status,ROT,SOG,COG,Heading,IMO,Callsign,Name,Ship type,Cargo type,Width,Length,Type of position fixing device,Draught,Destination,ETA,Data source type,A,B,C,D
2025-01-25 00:13:01,Class A,265036400,57.561877,11.783227,Under way using engine,,19.7,282.4,283.0,,SFE4956,PILOT 220 SE,Pilot,,6.0,18.0,Internal,1.5,SEGOT,,AIS,13.0,5.0,4.0,2.0
2025-01-25 00:13:25,Class A,265036400,57.562493,11.779368,Under way using engine,,19.4,284.6,283.0,,SFE4956,PILOT 220 SE,Pilot,,6.0,18.0,Internal,1.5,SEGOT,,AIS,13.0,5.0,4.0,2.0
2025-01-25 00:13:32,Class A,265036400,57.562692,11.778073,Under way using engine,0.0,19.8,287.0,286.0,,SFE4956,PILOT 220 SE,Pilot,,6.0,18.0,Internal,1.5,SEGOT,,AIS,13.0,5.0,4.0,2.0
2025-01-25 00:13:36,Class A,265036400,57.562808,11.77743,Under way using engine,0.0,19.7,289.9,289.0,,SFE4956,PILOT 220 SE,Pilot,,6.0,18.0,Internal,1.5,SEGOT,,AIS,13.0,5.0,4.0,2.0
2025-01-25 00:13:52,Class A,265036400,57.563302,11.774877,Under way using engine,0.0,19.7,288.7,286.0,,SFE4956,PILOT 220 SE,Pilot,,6.0,18.0,Internal,1.5,SEGOT,,AIS,13.0,5.0,4.0,2.0
2025-01-25 00:14:34,Class A,265036400,57.564318,11.768027,Under way using engine,0.0,19.6,284.2,283.0,,SFE4956,PILOT 220 SE,Pilot,,6.0,18.0,Internal,1.5,SEGOT,,AIS,13.0,5.0,4.0,2.0
2025-01-25 00:15:51,Class A,265036400,57.566218,11.755487,Under way using engine,,20.4,293.5,291.0,,SFE4956,PILOT 220 SE,Pilot,,6.0,18.0,Internal,1.5,SEGOT,,AIS,13.0,5.0,4.0,2.0
2025-01-25 00:16:08,Class A,265036400,57.566695,11.752783,Under way using engine,0.0,20.6,289.7,288.0,,SFE4956,PILOT 220 SE,Pilot,,6.0,18.0,Internal,1.5,SEGOT,,AIS,13.0,5.0,4.0,2.0
2025-01-25 00:16:11,Class A,265036400,57.566762,11.752455,Under way using engine,0.0,19.1,290.4,287.0,,SFE4956,PILOT 220 SE,Pilot,,6.0,18.0,Internal,1.5,SEGOT,,AIS,13.0,5.0,4.0,2.0
2025-01-25 00:16:13,Class A,265036400,57.56682,11.752135,Under way using engine,0.0,19.5,287.1,286.0,,SFE4956,PILOT 220 SE,Pilot,,6.0,18.0,Internal,1.5,SEGOT,,AIS,13.0,5.0,4.0,2.0
2025-01-25 00:16:28,Class A,265036400,57.56728,11.749567,Under way using engine,0.0,20.0,292.1,288.0,,SFE4956,PILOT 220 SE,Pilot,,6.0,18.0,Internal,1.5,SEGOT,,AIS,13.0,5.0,4.0,2.0
2025-01-25 00:16:34,Class A,265036400,57.567475,11.748627,Under way using engine,,19.3,292.4,290.0,,SFE4956,PILOT 220 SE,Pilot,,6.0,18.0,Internal,1.5,SEGOT,,AIS,13.0,5.0,4.0,2.0
2025-01-25 00:16:58,Class A,265036400,57.568313,11.744952,Under way using engine,0.0,18.4,292.3,289.0,,SFE4956,PILOT 220 SE,Pilot,,6.0,18.0,Internal,1.5,SEGOT,,AIS,13.0,5.0,4.0,2.0
2025-01-25 00:25:17,Class A,265036400,57.56617,11.68719,Under way using engine,0.0,13.4,270.2,263.0,,SFE4956,PILOT 220 SE,Pilot,,6.0,18.0,Internal,1.5,SEGOT,,AIS,13.0,5.0,4.0,2.0
2025-01-25 00:25:49,Class A,265036400,57.566203,11.683292,Under way using engine,,14.0,271.2,262.0,,SFE4956,PILOT 220 SE,Pilot,,6.0,18.0,Internal,1.5,SEGOT,,AIS,13.0,5.0,4.0,2.0
2025-01-25 00:26:09,Class A,265036400,57.566118,11.681005,Under way using engine,,15.0,264.8,264.0,,SFE4956,PILOT 220 SE,Pilot,,6.0,18.0,Internal,1.5,SEGOT,,AIS,13.0,5.0,4.0,2.0
2025-01-25 00:26:39,Class A,265036400,57.566158,11.677508,Under way using engine,0.0,14.4,269.5,267.0,,SFE4956,PILOT 220 SE,Pilot,,6.0,18.0,Internal,1.5,SEGOT,,AIS,13.0,5.0,4.0,2.0
2025-01-25 00:26:41,Class A,265036400,57.56616,11.67716,Under way using engine,0.0,13.6,273.6,267.0,,SFE4956,PILOT 220 SE,Pilot,,6.0,18.0,Internal,1.5,SEGOT,,AIS,13.0,5.0,4.0,2.0
2025-01-25 00:26:45,Class A,265036400,57.56617,11.676677,Under way using engine,0.0,14.3,275.6,270.0,,SFE4956,PILOT 220 SE,Pilot,,6.0,18.0,Internal,1.5,SEGOT,,AIS,13.0,5.0,4.0,2.0
2025-01-25 00:27:10,Class A,265036400,57.56616,11.673718,Under way using engine,0.0,14.9,269.8,268.0,,SFE4956,PILOT 220 SE,Pilot,,6.0,18.0,Internal,1.5,SEGOT,,AIS,13.0,5.0,4.0,2.0
2025-01-25 00:27:20,Class A,265036400,57.566157,11.672532,Under way using engine,0.0,12.9,270.6,264.0,,SFE4956,PILOT 220 SE,Pilot,,6.0,18.0,Internal,1.5,SEGOT,,AIS,13.0,5.0,4.0,2.0
2025-01-25 00:27:24,Class A,265036400,57.566152,11.67206,Under way using engine,0.0,13.4,274.1,267.0,,SFE4956,PILOT 220 SE,Pilot,,6.0,18.0,Internal,1.5,SEGOT,,AIS,13.0,5.0,4.0,2.0
2025-01-25 00:27:26,Class A,265036400,57.566147,11.671837,Under way using engine,0.0,12.5,272.8,265.0,,SFE4956,PILOT 220 SE,Pilot,,6.0,18.0,Internal,1.5,SEGOT,,AIS,13.0,5.0,4.0,2.0
2025-01-25 00:27:35,Class A,265036400,57.566148,11.67079,Under way using engine,0.0,13.7,261.7,264.0,,SFE4956,PILOT 220 SE,Pilot,,6.0,18.0,Internal,1.5,SEGOT,,AIS,13.0,5.0,4.0,2.0
2025-01-25 00:27:58,Class A,265036400,57.566177,11.668028,Under way using engine,,13.7,289.4,275.0,,SFE4956,PILOT 220 SE,Pilot,,6.0,18.0,Internal,1.5,SEGOT,,AIS,13.0,5.0,4.0,2.0
2025-01-25 00:28:04,Class A,265036400,57.566227,11.667312,Under way using engine,,15.8,286.8,274.0,,SFE4956,PILOT 220 SE,Pilot,,6.0,18.0,Internal,1.5,SEGOT,,AIS,13.0,5.0,4.0,2.0
2025-01-25 00:28:14,Class A,265036400,57.566285,11.666155,Under way using engine,,13.4,284.1,272.0,,SFE4956,PILOT 220 SE,Pilot,,6.0,18.0,Internal,1.5,SEGOT,,AIS,13.0,5.0,4.0,2.0
2025-01-25 00:28:33,Class A,265036400,57.566367,11.664005,Under way using engine,,13.4,270.8,266.0,,SFE4956,PILOT 220 SE,Pilot,,6.0,18.0,Internal,1.5,SEGOT,,AIS,13.0,5.0,4.0,2.0
2025-01-25 00:28:41,Class A,265036400,57.56639,11.662917,Under way using engine,0.0,14.9,273.0,268.0,,SFE4956,PILOT 220 SE,Pilot,,6.0,18.0,Internal,1.5,SEGOT,,AIS,13.0,5.0,4.0,2.0
2025-01-25 00:28:43,Class A,265036400,57.56639,11.662805,Under way using engine,0.0,12.2,269.0,268.0,,SFE4956,PILOT 220 SE,Pilot,,6.0,18.0,Internal,1.5,SEGOT,,AIS,13.0,5.0,4.0,2.0
2025-01-25 00:28:54,Class A,265036400,57.566437,11.661413,Under way using engine,0.0,12.1,266.0,266.0,,SFE4956,PILOT 220 SE,Pilot,,6.0,18.0,Internal,1.5,SEGOT,,AIS,13.0,5.0,4.0,2.0
2025-01-25 00:28:56,Class A,265036400,57.566437,11.661172,Under way using engine,0.0,12.1,280.9,274.0,,SFE4956,PILOT 220 SE,Pilot,,6.0,18.0,Internal,1.5,SEGOT,,AIS,13.0,5.0,4.0,2.0
2025-01-25 00:29:04,Class A,265036400,57.566475,11.660218,Under way using engine,0.0,14.8,267.2,269.0,,SFE4956,PILOT 220 SE,Pilot,,6.0,18.0,Internal,1.5,SEGOT,,AIS,13.0,5.0,4.0,2.0
2025-01-25 00:29:28,Class A,265036400,57.56662,11.657267,Under way using engine,,13.9,291.7,274.0,,SFE4956,PILOT 220 SE,Pilot,,6.0,18.0,Internal,1.5,SEGOT,,AIS,13.0,5.0,4.0,2.0
2025-01-25 00:29:41,Class A,265036400,57.56669,11.655725,Under way using engine,0.0,14.6,270.1,272.0,,SFE4956,PILOT 220 SE,Pilot,,6.0,18.0,Internal,1.5,SEGOT,,AIS,13.0,5.0,4.0,2.0
2025-01-25 00:29:51,Class A,265036400,57.566777,11.654552,Under way using engine,,13.9,287.4,276.0,,SFE4956,PILOT 220 SE,Pilot,,6.0,18.0,Internal,1.5,SEGOT,,AIS,13.0,5.0,4.0,2.0
2025-01-25 00:29:56,Class A,265036400,57.566835,11.65395,Under way using engine,0.0,15.6,276.8,275.0,,SFE4956,PILOT 220 SE,Pilot,,6.0,18.0,Internal,1.5,SEGOT,,AIS,13.0,5.0,4.0,2.0
2025-01-25 00:30:09,Class A,265036400,57.566947,11.652513,Under way using engine,0.0,13.5,283.1,273.0,,SFE4956,PILOT 220 SE,Pilot,,6.0,18.0,Internal,1.5,SEGOT,,AIS,13.0,5.0,4.0,2.0
2025-01-25 00:30:12,Class A,265036400,57.566973,11.65202,Under way using engine,0.0,14.4,269.5,272.0,,SFE4956,PILOT 220 SE,Pilot,,6.0,18.0,Internal,1.5,SEGOT,,AIS,13.0,5.0,4.0,2.0
2025-01-25 00:30:17,Class A,265036400,57.567022,11.651555,Under way using engine,,14.2,287.3,276.0,,SFE4956,PILOT 220 SE,Pilot,,6.0,18.0,Internal,1.5,SEGOT,,AIS,13.0,5.0,4.0,2.0
2025-01-25 00:30:33,Class A,265036400,57.567113,11.649578,Under way using engine,0.0,13.9,279.6,271.0,,SFE4956,PILOT 220 SE,Pilot,,6.0,18.0,Internal,1.5,SEGOT,,AIS,13.0,5.0,4.0,2.0
2025-01-25 00:30:37,Class A,265036400,57.567135,11.64907,Under way using engine,0.0,14.3,274.5,272.0,,SFE4956,PILOT 220 SE,Pilot,,6.0,18.0,Internal,1.5,SEGOT,,AIS,13.0,5.0,4.0,2.0
2025-01-25 00:30:38,Class A,265036400,57.567155,11.648833,Under way using engine,0.0,12.0,279.2,273.0,,SFE4956,PILOT 220 SE,Pilot,,6.0,18.0,Internal,1.5,SEGOT,,AIS,13.0,5.0,4.0,2.0
2025-01-25 00:30:41,Class A,265036400,57.567185,11.648468,Under way using engine,0.0,14.4,286.1,274.0,,SFE4956,PILOT 220 SE,Pilot,,6.0,18.0,Internal,1.5,SEGOT,,AIS,13.0,5.0,4.0,2.0
2025-01-25 00:30:45,Class A,265036400,57.56721,11.64811,Under way using engine,,14.4,278.0,270.0,,SFE4956,PILOT 220 SE,Pilot,,6.0,18.0,Internal,1.5,SEGOT,,AIS,13.0,5.0,4.0,2.0
2025-01-25 00:30:51,Class A,265036400,57.567238,11.647385,Under way using engine,0.0,14.9,285.1,271.0,,SFE4956,PILOT 220 SE,Pilot,,6.0,18.0,Internal,1.5,SEGOT,,AIS,13.0,5.0,4.0,2.0
2025-01-25 00:30:53,Class A,265036400,57.56724,11.647147,Under way using engine,0.0,15.5,268.9,273.0,,SFE4956,PILOT 220 SE,Pilot,,6.0,18.0,Internal,1.5,SEGOT,,AIS,13.0,5.0,4.0,2.0
2025-01-25 00:31:24,Class A,265036400,57.567535,11.64344,Under way using engine,,10.0,277.1,268.0,,SFE4956,PILOT 220 SE,Pilot,,6.0,18.0,Internal,1.5,SEGOT,,AIS,13.0,5.0,4.0,2.0
2025-01-25 00:31:27,Class A,265036400,57.567542,11.643258,Under way using engine,0.0,10.4,270.0,269.0,,SFE4956,PILOT 220 SE,Pilot,,6.0,18.0,Internal,1.5,SEGOT,,AIS,13.0,5.0,4.0,2.0
2025-01-25 00:31:41,Class A,265036400,57.567628,11.64228,Under way using engine,,5.2,284.3,266.0,,SFE4956,PILOT 220 SE,Pilot,,6.0,18.0,Internal,1.5,SEGOT,,AIS,13.0,5.0,4.0,2.0
2025-01-25 00:31:57,Class A,265036400,57.567802,11.641595,Under way using engine,,8.8,306.8,310.0,,SFE4956,PILOT 220 SE,Pilot,,6.0,18.0,Internal,1.5,SEGOT,,AIS,13.0,5.0,4.0,2.0
2025-01-25 00:33:51,Class A,265036400,57.572943,11.640925,Under way using engine,,11.9,25.3,32.0,,SFE4956,PILOT 220 SE,Pilot,,6.0,18.0,Internal,1.5,SEGOT,,AIS,13.0,5.0,4.0,2.0
2025-01-25 00:33:54,Class A,265036400,57.573168,11.641138,Under way using engine,,14.9,26.2,31.0,,SFE4956,PILOT 220 SE,Pilot,,6.0,18.0,Internal,1.5,SEGOT,,AIS,13.0,5.0,4.0,2.0
2025-01-25 00:34:03,Class A,265036400,57.573708,11.641683,Under way using engine,,17.6,22.6,29.0,,SFE4956,PILOT 220 SE,Pilot,,6.0,18.0,Internal,1.5,SEGOT,,AIS,13.0,5.0,4.0,2.0
2025-01-25 00:34:07,Class A,265036400,57.57399,11.641998,Under way using engine,,17.5,32.6,33.0,,SFE4956,PILOT 220 SE,Pilot,,6.0,18.0,Internal,1.5,SEGOT,,AIS,13.0,5.0,4.0,2.0
2025-01-25 00:34:09,Class A,265036400,57.57413,11.642153,Under way using engine,,18.1,27.3,29.0,,SFE4956,PILOT 220 SE,Pilot,,6.0,18.0,Internal,1.5,SEGOT,,AIS,13.0,5.0,4.0,2.0
2025-01-25 00:34:10,Class A,265036400,57.57428,11.642295,Under way using engine,0.0,18.4,28.5,29.0,,SFE4956,PILOT 220 SE,Pilot,,6.0,18.0,Internal,1.5,SEGOT,,AIS,13.0,5.0,4.0,2.0
2025-01-25 00:34:14,Class A,265036400,57.574595,11.642545,Under way using engine,0.0,18.5,21.4,32.0,,SFE4956,PILOT 220 SE,Pilot,,6.0,18.0,Internal,1.5,SEGOT,,AIS,13.0,5.0,4.0,2.0
2025-01-25 00:34:18,Class A,265036400,57.57489,11.642905,Under way using engine,0.0,20.9,34.9,34.0,,SFE4956,PILOT 220 SE,Pilot,,6.0,18.0,Internal,1.5,SEGOT,,AIS,13.0,5.0,4.0,2.0
2025-01-25 00:34:20,Class A,265036400,57.575055,11.643097,Under way using engine,0.0,20.8,30.6,36.0,,SFE4956,PILOT 220 SE,Pilot,,6.0,18.0,Internal,1.5,SEGOT,,AIS,13.0,5.0,4.0,2.0
2025-01-25 00:34:22,Class A,265036400,57.57523,11.643297,Under way using engine,,22.0,35.9,38.0,,SFE4956,PILOT 220 SE,Pilot,,6.0,18.0,Internal,1.5,SEGOT,,AIS,13.0,5.0,4.0,2.0
2025-01-25 00:34:24,Class A,265036400,57.575402,11.643527,Under way using engine,0.0,22.6,36.2,36.0,,SFE4956,PILOT 220 SE,Pilot,,6.0,18.0,Internal,1.5,SEGOT,,AIS,13.0,5.0,4.0,2.0
2025-01-25 00:34:26,Class A,265036400,57.575582,11.643747,Under way using engine,0.0,22.8,30.6,35.0,,SFE4956,PILOT 220 SE,Pilot,,6.0,18.0,Internal,1.5,SEGOT,,AIS,13.0,5.0,4.0,2.0
2025-01-25 00:34:33,Class A,265036400,57.576115,11.64437,Under way using engine,0.0,23.1,33.4,34.0,,SFE4956,PILOT 220 SE,Pilot,,6.0,18.0,Internal,1.5,SEGOT,,AIS,13.0,5.0,4.0,2.0
2025-01-25 00:34:41,Class A,265036400,57.576858,11.645207,Under way using engine,0.0,21.1,29.5,29.0,,SFE4956,PILOT 220 SE,Pilot,,6.0,18.0,Internal,1.5,SEGOT,,AIS,13.0,5.0,4.0,2.0
2025-01-25 00:34:44,Class A,265036400,57.577207,11.645545,Under way using engine,0.0,22.9,31.9,31.0,,SFE4956,PILOT 220 SE,Pilot,,6.0,18.0,Internal,1.5,SEGOT,,AIS,13.0,5.0,4.0,2.0
2025-01-25 00:34:47,Class A,265036400,57.577477,11.645828,Under way using engine,,21.6,28.4,30.0,,SFE4956,PILOT 220 SE,Pilot,,6.0,18.0,Internal,1.5,SEGOT,,AIS,13.0,5.0,4.0,2.0
2025-01-25 00:34:53,Class A,265036400,57.577898,11.646205,Under way using engine,,20.1,27.8,32.0,,SFE4956,PILOT 220 SE,Pilot,,6.0,18.0,Internal,1.5,SEGOT,,AIS,13.0,5.0,4.0,2.0
2025-01-25 00:34:56,Class A,265036400,57.578258,11.646535,Under way using engine,,23.8,23.7,27.0,,SFE4956,PILOT 220 SE,Pilot,,6.0,18.0,Internal,1.5,SEGOT,,AIS,13.0,5.0,4.0,2.0
2025-01-25 00:34:58,Class A,265036400,57.57846,11.64672,Under way using engine,0.0,24.6,27.7,30.0,,SFE4956,PILOT 220 SE,Pilot,,6.0,18.0,Internal,1.5,SEGOT,,AIS,13.0,5.0,4.0,2.0
2025-01-25 00:35:00,Class A,265036400,57.578643,11.646897,Under way using engine,0.0,21.8,27.5,31.0,,SFE4956,PILOT 220 SE,Pilot,,6.0,18.0,Internal,1.5,SEGOT,,AIS,13.0,5.0,4.0,2.0
2025-01-25 00:35:04,Class A,265036400,57.57901,11.647298,Under way using engine,0.0,23.4,29.9,30.0,,SFE4956,PILOT 220 SE,Pilot,,6.0,18.0,Internal,1.5,SEGOT,,AIS,13.0,5.0,4.0,2.0
2025-01-25 00:35:10,Class A,265036400,57.57964,11.64793,Under way using engine,0.0,24.6,28.7,32.0,,SFE4956,PILOT 220 SE,Pilot,,6.0,18.0,Internal,1.5,SEGOT,,AIS,13.0,5.0,4.0,2.0
2025-01-25 00:35:22,Class A,265036400,57.580758,11.64905,Under way using engine,0.0,22.1,28.3,31.0,,SFE4956,PILOT 220 SE,Pilot,,6.0,18.0,Internal,1.5,SEGOT,,AIS,13.0,5.0,4.0,2.0
2025-01-25 00:35:23,Class A,265036400,57.580758,11.64905,Under way using engine,0.0,22.1,28.3,31.0,,SFE4956,PILOT 220 SE,Pilot,,6.0,18.0,Internal,1.5,SEGOT,,AIS,13.0,5.0,4.0,2.0
2025-01-25 00:35:25,Class A,265036400,57.580945,11.649248,Under way using engine,0.0,23.3,31.0,33.0,,SFE4956,PILOT 220 SE,Pilot,,6.0,18.0,Internal,1.5,SEGOT,,AIS,13.0,5.0,4.0,2.0
2025-01-25 00:35:26,Class A,265036400,57.581122,11.649463,Under way using engine,0.0,22.6,33.4,34.0,,SFE4956,PILOT 220 SE,Pilot,,6.0,18.0,Internal,1.5,SEGOT,,AIS,13.0,5.0,4.0,2.0
2025-01-25 00:35:29,Class A,265036400,57.581305,11.649668,Under way using engine,0.0,23.0,29.3,31.0,,SFE4956,PILOT 220 SE,Pilot,,6.0,18.0,Internal,1.5,SEGOT,,AIS,13.0,5.0,4.0,2.0
2025-01-25 00:35:33,Class A,265036400,57.581702,11.650078,Under way using engine,0.0,25.2,31.6,32.0,,SFE4956,PILOT 220 SE,Pilot,,6.0,18.0,Internal,1.5,SEGOT,,AIS,13.0,5.0,4.0,2.0
2025-01-25 00:35:41,Class A,265036400,57.582485,11.650807,Under way using engine,0.0,25.6,24.4,28.0,,SFE4956,PILOT 220 SE,Pilot,,6.0,18.0,Internal,1.5,SEGOT,,AIS,13.0,5.0,4.0,2.0
2025-01-25 00:35:46,Class A,265036400,57.583087,11.651367,Under way using engine,,23.3,20.2,25.0,,SFE4956,PILOT 220 SE,Pilot,,6.0,18.0,Internal,1.5,SEGOT,,AIS,13.0,5.0,4.0,2.0
2025-01-25 00:35:52,Class A,265036400,57.583697,11.651927,Under way using engine,0.0,25.2,32.3,33.0,,SFE4956,PILOT 220 SE,Pilot,,6.0,18.0,Internal,1.5,SEGOT,,AIS,13.0,5.0,4.0,2.0
2025-01-25 00:35:54,Class A,265036400,57.583888,11.652155,Under way using engine,0.0,23.8,32.3,32.0,,SFE4956,PILOT 220 SE,Pilot,,6.0,18.0,Internal,1.5,SEGOT,,AIS,13.0,5.0,4.0,2.0
2025-01-25 00:35:56,Class A,265036400,57.584085,11.652378,Under way using engine,0.0,25.0,29.0,32.0,,SFE4956,PILOT 220 SE,Pilot,,6.0,18.0,Internal,1.5,SEGOT,,AIS,13.0,5.0,4.0,2.0
2025-01-25 00:35:58,Class A,265036400,57.584282,11.652603,Under way using engine,0.0,24.7,32.5,33.0,,SFE4956,PILOT 220 SE,Pilot,,6.0,18.0,Internal,1.5,SEGOT,,AIS,13.0,5.0,4.0,2.0
2025-01-25 00:36:12,Class A,265036400,57.585617,11.654012,Under way using engine,0.0,21.3,31.8,32.0,,SFE4956,PILOT 220 SE,Pilot,,6.0,18.0,Internal,1.5,SEGOT,,AIS,13.0,5.0,4.0,2.0
2025-01-25 00:36:14,Class A,265036400,57.585787,11.654197,Under way using engine,0.0,21.0,28.6,28.0,,SFE4956,PILOT 220 SE,Pilot,,6.0,18.0,Internal,1.5,SEGOT,,AIS,13.0,5.0,4.0,2.0
2025-01-25 00:36:19,Class A,265036400,57.586128,11.65451,Under way using engine,0.0,20.2,30.5,31.0,,SFE4956,PILOT 220 SE,Pilot,,6.0,18.0,Internal,1.5,SEGOT,,AIS,13.0,5.0,4.0,2.0
2025-01-25 00:36:23,Class A,265036400,57.586462,11.654867,Under way using engine,0.0,20.6,30.4,32.0,,SFE4956,PILOT 220 SE,Pilot,,6.0,18.0,Internal,1.5,SEGOT,,AIS,13.0,5.0,4.0,2.0
2025-01-25 00:36:29,Class A,265036400,57.586952,11.65538,Under way using engine,0.0,22.3,29.7,32.0,,SFE4956,PILOT 220 SE,Pilot,,6.0,18.0,Internal,1.5,SEGOT,,AIS,13.0,5.0,4.0,2.0
2025-01-25 00:36:31,Class A,265036400,57.587132,11.655583,Under way using engine,0.0,22.2,29.7,31.0,,SFE4956,PILOT 220 SE,Pilot,,6.0,18.0,Internal,1.5,SEGOT,,AIS,13.0,5.0,4.0,2.0
2025-01-25 00:36:36,Class A,265036400,57.587673,11.656217,Under way using engine,0.0,22.1,30.8,32.0,,SFE4956,PILOT 220 SE,Pilot,,6.0,18.0,Internal,1.5,SEGOT,,AIS,13.0,5.0,4.0,2.0
2025-01-25 00:36:41,Class A,265036400,57.588012,11.656642,Under way using engine,0.0,22.5,33.1,33.0,,SFE4956,PILOT 220 SE,Pilot,,6.0,18.0,Internal,1.5,SEGOT,,AIS,13.0,5.0,4.0,2.0
2025-01-25 00:36:44,Class A,265036400,57.588355,11.65707,Under way using engine,0.0,22.4,31.5,33.0,,SFE4956,PILOT 220 SE,Pilot,,6.0,18.0,Internal,1.5,SEGOT,,AIS,13.0,5.0,4.0,2.0
2025-01-25 00:36:46,Class A,265036400,57.588527,11.657275,Under way using engine,0.0,22.3,32.0,32.0,,SFE4956,PILOT 220 SE,Pilot,,6.0,18.0,Internal,1.5,SEGOT,,AIS,13.0,5.0,4.0,2.0
2025-01-25 00:36:58,Class A,265036400,57.589632,11.658368,Under way using engine,0.0,23.4,26.7,29.0,,SFE4956,PILOT 220 SE,Pilot,,6.0,18.0,Internal,1.5,SEGOT,,AIS,13.0,5.0,4.0,2.0
2025-01-25 00:37:01,Class A,265036400,57.589827,11.658577,Under way using engine,0.0,25.0,31.3,31.0,,SFE4956,PILOT 220 SE,Pilot,,6.0,18.0,Internal,1.5,SEGOT,,AIS,13.0,5.0,4.0,2.0
2025-01-25 00:37:04,Class A,265036400,57.590197,11.659,Under way using engine,0.0,22.5,32.5,34.0,,SFE4956,PILOT 220 SE,Pilot,,6.0,18.0,Internal,1.5,SEGOT,,AIS,13.0,5.0,4.0,2.0
2025-01-25 00:37:12,Class A,265036400,57.590935,11.659833,Under way using engine,0.0,24.9,25.4,30.0,,SFE4956,PILOT 220 SE,Pilot,,6.0,18.0,Internal,1.5,SEGOT,,AIS,13.0,5.0,4.0,2.0
2025-01-25 00:37:14,Class A,265036400,57.59113,11.660002,Under way using engine,0.0,23.0,25.4,30.0,,SFE4956,PILOT 220 SE,Pilot,,6.0,18.0,Internal,1.5,SEGOT,,AIS,13.0,5.0,4.0,2.0
2025-01-25 00:37:16,Class A,265036400,57.591302,11.660202,Under way using engine,0.0,21.5,32.7,32.0,,SFE4956,PILOT 220 SE,Pilot,,6.0,18.0,Internal,1.5,SEGOT,,AIS,13.0,5.0,4.0,2.0
2025-01-25 00:37:19,Class A,265036400,57.59147,11.6604,Under way using engine,0.0,20.2,31.0,33.0,,SFE4956,PILOT 220 SE,Pilot,,6.0,18.0,Internal,1.5,SEGOT,,AIS,13.0,5.0,4.0,2.0
2025-01-25 00:37:23,Class A,265036400,57.591788,11.66072,Under way using engine,0.0,19.8,22.6,28.0,,SFE4956,PILOT 220 SE,Pilot,,6.0,18.0,Internal,1.5,SEGOT,,AIS,13.0,5.0,4.0,2.0
2025-01-25 00:37:26,Class A,265036400,57.592063,11.661025,Under way using engine,,16.1,36.4,35.0,,SFE4956,PILOT 220 SE,Pilot,,6.0,18.0,Internal,1.5,SEGOT,,AIS,13.0,5.0,4.0,2.0
2025-01-25 00:37:29,Class A,265036400,57.592188,11.661193,Under way using engine,0.0,16.7,34.1,34.0,,SFE4956,PILOT 220 SE,Pilot,,6.0,18.0,Internal,1.5,SEGOT,,AIS,13.0,5.0,4.0,2.0
2025-01-25 00:37:31,Class A,265036400,57.592322,11.661357,Under way using engine,0.0,17.6,33.6,35.0,,SFE4956,PILOT 220 SE,Pilot,,6.0,18.0,Internal,1.5,SEGOT,,AIS,13.0,5.0,4.0,2.0
2025-01-25 00:37:33,Class A,265036400,57.592457,11.661535,Under way using engine,0.0,18.4,36.3,36.0,,SFE4956,PILOT 220 SE,Pilot,,6.0,18.0,Internal,1.5,SEGOT,,AIS,13.0,5.0,4.0,2.0
2025-01-25 00:37:38,Class A,265036400,57.592892,11.662092,Under way using engine,0.0,20.9,22.6,32.0,,SFE4956,PILOT 220 SE,Pilot,,6.0,18.0,Internal,1.5,SEGOT,,AIS,13.0,5.0,4.0,2.0
2025-01-25 00:37:41,Class A,265036400,57.593053,11.662268,Under way using engine,0.0,20.2,37.1,31.0,,SFE4956,PILOT 220 SE,Pilot,,6.0,18.0,Internal,1.5,SEGOT,,AIS,13.0,5.0,4.0,2.0
2025-01-25 00:37:42,Class A,265036400,57.593227,11.66245,Under way using engine,0.0,22.8,26.2,29.0,,SFE4956,PILOT 220 SE,Pilot,,6.0,18.0,Internal,1.5,SEGOT,,AIS,13.0,5.0,4.0,2.0
2025-01-25 00:37:44,Class A,265036400,57.593408,11.662633,Under way using engine,0.0,21.9,29.5,30.0,,SFE4956,PILOT 220 SE,Pilot,,6.0,18.0,Internal,1.5,SEGOT,,AIS,13.0,5.0,4.0,2.0
2025-01-25 00:37:46,Class A,265036400,57.593595,11.66283,Under way using engine,0.0,23.8,29.3,31.0,,SFE4956,PILOT 220 SE,Pilot,,6.0,18.0,Internal,1.5,SEGOT,,AIS,13.0,5.0,4.0,2.0
2025-01-25 00:37:52,Class A,265036400,57.594188,11.663467,Under way using engine,0.0,24.2,29.4,30.0,,SFE4956,PILOT 220 SE,Pilot,,6.0,18.0,Internal,1.5,SEGOT,,AIS,13.0,5.0,4.0,2.0
2025-01-25 00:37:54,Class A,265036400,57.594397,11.66367,Under way using engine,0.0,25.2,29.3,31.0,,SFE4956,PILOT 220 SE,Pilot,,6.0,18.0,Internal,1.5,SEGOT,,AIS,13.0,5.0,4.0,2.0
2025-01-25 00:37:56,Class A,265036400,57.594593,11.663887,Under way using engine,0.0,25.4,32.6,34.0,,SFE4956,PILOT 220 SE,Pilot,,6.0,18.0,Internal,1.5,SEGOT,,AIS,13.0,5.0,4.0,2.0
2025-01-25 00:37:58,Class A,265036400,57.594798,11.66412,Under way using engine,0.0,26.9,30.3,30.0,,SFE4956,PILOT 220 SE,Pilot,,6.0,18.0,Internal,1.5,SEGOT,,AIS,13.0,5.0,4.0,2.0
2025-01-25 00:38:01,Class A,265036400,57.595008,11.664337,Under way using engine,,24.5,27.5,29.0,,SFE4956,PILOT 220 SE,Pilot,,6.0,18.0,Internal,1.5,SEGOT,,AIS,13.0,5.0,4.0,2.0
2025-01-25 00:38:04,Class A,265036400,57.595383,11.664785,Under way using engine,,23.6,35.9,32.0,,SFE4956,PILOT 220 SE,Pilot,,6.0,18.0,Internal,1.5,SEGOT,,AIS,13.0,5.0,4.0,2.0
2025-01-25 00:38:06,Class A,265036400,57.595568,11.665018,Under way using engine,0.0,24.9,33.9,32.0,,SFE4956,PILOT 220 SE,Pilot,,6.0,18.0,Internal,1.5,SEGOT,,AIS,13.0,5.0,4.0,2.0
2025-01-25 00:38:09,Class A,265036400,57.595758,11.665245,Under way using engine,0.0,23.8,30.5,29.0,,SFE4956,PILOT 220 SE,Pilot,,6.0,18.0,Internal,1.5,SEGOT,,AIS,13.0,5.0,4.0,2.0
2025-01-25 00:38:10,Class A,265036400,57.595957,11.665452,Under way using engine,0.0,24.4,30.9,30.0,,SFE4956,PILOT 220 SE,Pilot,,6.0,18.0,Internal,1.5,SEGOT,,AIS,13.0,5.0,4.0,2.0
2025-01-25 00:38:12,Class A,265036400,57.596148,11.665667,Under way using engine,0.0,24.0,31.9,32.0,,SFE4956,PILOT 220 SE,Pilot,,6.0,18.0,Internal,1.5,SEGOT,,AIS,13.0,5.0,4.0,2.0
2025-01-25 00:38:14,Class A,265036400,57.596333,11.66588,Under way using engine,0.0,23.5,31.7,28.0,,SFE4956,PILOT 220 SE,Pilot,,6.0,18.0,Internal,1.5,SEGOT,,AIS,13.0,5.0,4.0,2.0
2025-01-25 00:38:16,Class A,265036400,57.596523,11.666077,Under way using engine,0.0,23.0,29.3,29.0,,SFE4956,PILOT 220 SE,Pilot,,6.0,18.0,Internal,1.5,SEGOT,,AIS,13.0,5.0,4.0,2.0
2025-01-25 00:38:19,Class A,265036400,57.596698,11.666282,Under way using engine,0.0,20.7,35.2,32.0,,SFE4956,PILOT 220 SE,Pilot,,6.0,18.0,Internal,1.5,SEGOT,,AIS,13.0,5.0,4.0,2.0
2025-01-25 00:38:23,Class A,265036400,57.59703,11.666687,Under way using engine,0.0,22.0,33.8,31.0,,SFE4956,PILOT 220 SE,Pilot,,6.0,18.0,Internal,1.5,SEGOT,,AIS,13.0,5.0,4.0,2.0
2025-01-25 00:38:26,Class A,265036400,57.597362,11.667058,Under way using engine,,18.9,25.7,24.0,,SFE4956,PILOT 220 SE,Pilot,,6.0,18.0,Internal,1.5,SEGOT,,AIS,13.0,5.0,4.0,2.0
2025-01-25 00:38:29,Class A,265036400,57.597518,11.667198,Under way using engine,,18.5,27.2,24.0,,SFE4956,PILOT 220 SE,Pilot,,6.0,18.0,Internal,1.5,SEGOT,,AIS,13.0,5.0,4.0,2.0
2025-01-25 00:38:31,Class A,265036400,57.597665,11.667333,Under way using engine,,17.2,23.3,22.0,,SFE4956,PILOT 220 SE,Pilot,,6.0,18.0,Internal,1.5,SEGOT,,AIS,13.0,5.0,4.0,2.0
2025-01-25 00:38:36,Class A,265036400,57.598103,11.667692,Under way using engine,0.0,18.2,26.6,28.0,,SFE4956,PILOT 220 SE,Pilot,,6.0,18.0,Internal,1.5,SEGOT,,AIS,13.0,5.0,4.0,2.0
2025-01-25 00:38:41,Class A,265036400,57.59843,11.667978,Under way using engine,0.0,19.8,25.1,28.0,,SFE4956,PILOT 220 SE,Pilot,,6.0,18.0,Internal,1.5,SEGOT,,AIS,13.0,5.0,4.0,2.0
2025-01-25 00:38:42,Class A,265036400,57.598593,11.668132,Under way using engine,,19.1,28.1,26.0,,SFE4956,PILOT 220 SE,Pilot,,6.0,18.0,Internal,1.5,SEGOT,,AIS,13.0,5.0,4.0,2.0
2025-01-25 00:38:50,Class A,265036400,57.599238,11.668733,Under way using engine,,20.0,24.1,24.0,,SFE4956,PILOT 220 SE,Pilot,,6.0,18.0,Internal,1.5,SEGOT,,AIS,13.0,5.0,4.0,2.0
2025-01-25 00:38:54,Class A,265036400,57.59959,11.669052,Under way using engine,0.0,22.6,27.9,26.0,,SFE4956,PILOT 220 SE,Pilot,,6.0,18.0,Internal,1.5,SEGOT,,AIS,13.0,5.0,4.0,2.0
2025-01-25 00:38:56,Class A,265036400,57.599785,11.669205,Under way using engine,,22.4,21.9,30.0,,SFE4956,PILOT 220 SE,Pilot,,6.0,18.0,Internal,1.5,SEGOT,,AIS,13.0,5.0,4.0,2.0
2025-01-25 00:38:58,Class A,265036400,57.599967,11.669407,Under way using engine,,22.6,32.9,31.0,,SFE4956,PILOT 220 SE,Pilot,,6.0,18.0,Internal,1.5,SEGOT,,AIS,13.0,5.0,4.0,2.0
2025-01-25 00:39:01,Class A,265036400,57.600153,11.669613,Under way using engine,,23.2,28.6,30.0,,SFE4956,PILOT 220 SE,Pilot,,6.0,18.0,Internal,1.5,SEGOT,,AIS,13.0,5.0,4.0,2.0
2025-01-25 00:39:06,Class A,265036400,57.600715,11.670237,Under way using engine,0.0,25.0,28.0,30.0,,SFE4956,PILOT 220 SE,Pilot,,6.0,18.0,Internal,1.5,SEGOT,,AIS,13.0,5.0,4.0,2.0
2025-01-25 00:39:09,Class A,265036400,57.600913,11.670443,Under way using engine,,24.4,30.7,31.0,,SFE4956,PILOT 220 SE,Pilot,,6.0,18.0,Internal,1.5,SEGOT,,AIS,13.0,5.0,4.0,2.0
2025-01-25 00:39:14,Class A,265036400,57.601463,11.671102,Under way using engine,0.0,25.1,33.7,31.0,,SFE4956,PILOT 220 SE,Pilot,,6.0,18.0,Internal,1.5,SEGOT,,AIS,13.0,5.0,4.0,2.0
2025-01-25 00:39:23,Class A,265036400,57.602187,11.671837,Under way using engine,0.0,22.4,29.6,30.0,,SFE4956,PILOT 220 SE,Pilot,,6.0,18.0,Internal,1.5,SEGOT,,AIS,13.0,5.0,4.0,2.0
2025-01-25 00:39:26,Class A,265036400,57.602557,11.672253,Under way using engine,0.0,23.4,31.8,29.0,,SFE4956,PILOT 220 SE,Pilot,,6.0,18.0,Internal,1.5,SEGOT,,AIS,13.0,5.0,4.0,2.0
2025-01-25 00:39:29,Class A,265036400,57.602755,11.67244,Under way using engine,0.0,24.8,23.3,26.0,,SFE4956,PILOT 220 SE,Pilot,,6.0,18.0,Internal,1.5,SEGOT,,AIS,13.0,5.0,4.0,2.0
2025-01-25 00:39:33,Class A,265036400,57.603127,11.672842,Under way using engine,0.0,23.6,30.7,33.0,,SFE4956,PILOT 220 SE,Pilot,,6.0,18.0,Internal,1.5,SEGOT,,AIS,13.0,5.0,4.0,2.0
2025-01-25 00:39:34,Class A,265036400,57.603318,11.673052,Under way using engine,0.0,24.1,30.2,30.0,,SFE4956,PILOT 220 SE,Pilot,,6.0,18.0,Internal,1.5,SEGOT,,AIS,13.0,5.0,4.0,2.0
2025-01-25 00:39:36,Class A,265036400,57.603503,11.673243,Under way using engine,0.0,21.6,29.4,33.0,,SFE4956,PILOT 220 SE,Pilot,,6.0,18.0,Internal,1.5,SEGOT,,AIS,13.0,5.0,4.0,2.0
2025-01-25 00:39:41,Class A,265036400,57.603835,11.67363,Under way using engine,0.0,20.9,28.5,28.0,,SFE4956,PILOT 220 SE,Pilot,,6.0,18.0,Internal,1.5,SEGOT,,AIS,13.0,5.0,4.0,2.0
2025-01-25 00:39:44,Class A,265036400,57.604195,11.673992,Under way using engine,0.0,21.7,31.1,30.0,,SFE4956,PILOT 220 SE,Pilot,,6.0,18.0,Internal,1.5,SEGOT,,AIS,13.0,5.0,4.0,2.0
2025-01-25 00:40:26,Class A,265036400,57.60833,11.677117,Under way using engine,0.0,23.2,29.0,24.0,,SFE4956,PILOT 220 SE,Pilot,,6.0,18.0,Internal,1.5,SEGOT,,AIS,13.0,5.0,4.0,2.0
2025-01-25 00:40:29,Class A,265036400,57.608535,11.677287,Under way using engine,0.0,23.5,21.7,23.0,,SFE4956,PILOT 220 SE,Pilot,,6.0,18.0,Internal,1.5,SEGOT,,AIS,13.0,5.0,4.0,2.0
2025-01-25 00:40:33,Class A,265036400,57.608925,11.677637,Under way using engine,,23.3,34.7,32.0,,SFE4956,PILOT 220 SE,Pilot,,6.0,18.0,Internal,1.5,SEGOT,,AIS,13.0,5.0,4.0,2.0
2025-01-25 00:40:34,Class A,265036400,57.609118,11.677865,Under way using engine,,24.5,31.6,31.0,,SFE4956,PILOT 220 SE,Pilot,,6.0,18.0,Internal,1.5,SEGOT,,AIS,13.0,5.0,4.0,2.0
2025-01-25 00:40:36,Class A,265036400,57.609305,11.678092,Under way using engine,,23.4,34.6,31.0,,SFE4956,PILOT 220 SE,Pilot,,6.0,18.0,Internal,1.5,SEGOT,,AIS,13.0,5.0,4.0,2.0
2025-01-25 00:40:42,Class A,265036400,57.609887,11.67873,Under way using engine,,24.6,30.3,30.0,,SFE4956,PILOT 220 SE,Pilot,,6.0,18.0,Internal,1.5,SEGOT,,AIS,13.0,5.0,4.0,2.0
2025-01-25 00:40:44,Class A,265036400,57.610077,11.678932,Under way using engine,,22.4,29.5,27.0,,SFE4956,PILOT 220 SE,Pilot,,6.0,18.0,Internal,1.5,SEGOT,,AIS,13.0,5.0,4.0,2.0
2025-01-25 00:40:46,Class A,265036400,57.610263,11.679115,Under way using engine,,22.3,26.1,24.0,,SFE4956,PILOT 220 SE,Pilot,,6.0,18.0,Internal,1.5,SEGOT,,AIS,13.0,5.0,4.0,2.0
2025-01-25 00:40:56,Class A,265036400,57.611273,11.680005,Under way using engine,0.0,25.4,23.2,23.0,,SFE4956,PILOT 220 SE,Pilot,,6.0,18.0,Internal,1.5,SEGOT,,AIS,13.0,5.0,4.0,2.0
2025-01-25 00:40:58,Class A,265036400,57.611478,11.680175,Under way using engine,0.0,23.6,24.6,23.0,,SFE4956,PILOT 220 SE,Pilot,,6.0,18.0,Internal,1.5,SEGOT,,AIS,13.0,5.0,4.0,2.0
2025-01-25 00:41:02,Class A,265036400,57.611882,11.680493,Under way using engine,,23.4,25.8,27.0,,SFE4956,PILOT 220 SE,Pilot,,6.0,18.0,Internal,1.5,SEGOT,,AIS,13.0,5.0,4.0,2.0
2025-01-25 00:41:04,Class A,265036400,57.61208,11.680685,Under way using engine,0.0,24.7,27.6,27.0,,SFE4956,PILOT 220 SE,Pilot,,6.0,18.0,Internal,1.5,SEGOT,,AIS,13.0,5.0,4.0,2.0
2025-01-25 00:41:09,Class A,265036400,57.61249,11.681075,Under way using engine,,24.8,24.1,24.0,,SFE4956,PILOT 220 SE,Pilot,,6.0,18.0,Internal,1.5,SEGOT,,AIS,13.0,5.0,4.0,2.0
2025-01-25 00:41:10,Class A,265036400,57.612687,11.681248,Under way using engine,0.0,22.0,27.0,26.0,,SFE4956,PILOT 220 SE,Pilot,,6.0,18.0,Internal,1.5,SEGOT,,AIS,13.0,5.0,4.0,2.0
2025-01-25 00:41:14,Class A,265036400,57.613045,11.68158,Under way using engine,0.0,21.9,24.5,28.0,,SFE4956,PILOT 220 SE,Pilot,,6.0,18.0,Internal,1.5,SEGOT,,AIS,13.0,5.0,4.0,2.0
2025-01-25 00:41:16,Class A,265036400,57.613237,11.681753,Under way using engine,0.0,24.6,27.3,29.0,,SFE4956,PILOT 220 SE,Pilot,,6.0,18.0,Internal,1.5,SEGOT,,AIS,13.0,5.0,4.0,2.0
2025-01-25 00:41:29,Class A,265036400,57.614307,11.682855,Under way using engine,0.0,21.9,26.5,24.0,,SFE4956,PILOT 220 SE,Pilot,,6.0,18.0,Internal,1.5,SEGOT,,AIS,13.0,5.0,4.0,2.0
2025-01-25 00:41:32,Class A,265036400,57.614633,11.683133,Under way using engine,0.0,18.7,25.2,23.0,,SFE4956,PILOT 220 SE,Pilot,,6.0,18.0,Internal,1.5,SEGOT,,AIS,13.0,5.0,4.0,2.0
2025-01-25 00:41:36,Class A,265036400,57.614955,11.683422,Under way using engine,0.0,20.1,28.6,28.0,,SFE4956,PILOT 220 SE,Pilot,,6.0,18.0,Internal,1.5,SEGOT,,AIS,13.0,5.0,4.0,2.0
2025-01-25 00:41:42,Class A,265036400,57.615467,11.683968,Under way using engine,0.0,23.2,29.1,29.0,,SFE4956,PILOT 220 SE,Pilot,,6.0,18.0,Internal,1.5,SEGOT,,AIS,13.0,5.0,4.0,2.0
2025-01-25 00:41:44,Class A,265036400,57.615657,11.684165,Under way using engine,0.0,24.0,28.2,29.0,,SFE4956,PILOT 220 SE,Pilot,,6.0,18.0,Internal,1.5,SEGOT,,AIS,13.0,5.0,4.0,2.0
2025-01-25 00:41:46,Class A,265036400,57.615657,11.684165,Under way using engine,0.0,24.0,28.2,29.0,,SFE4956,PILOT 220 SE,Pilot,,6.0,18.0,Internal,1.5,SEGOT,,AIS,13.0,5.0,4.0,2.0
2025-01-25 00:41:50,Class A,265036400,57.616202,11.684757,Under way using engine,0.0,21.5,30.2,28.0,,SFE4956,PILOT 220 SE,Pilot,,6.0,18.0,Internal,1.5,SEGOT,,AIS,13.0,5.0,4.0,2.0
2025-01-25 00:41:52,Class A,265036400,57.616378,11.68491,Under way using engine,0.0,20.8,22.5,26.0,,SFE4956,PILOT 220 SE,Pilot,,6.0,18.0,Internal,1.5,SEGOT,,AIS,13.0,5.0,4.0,2.0
2025-01-25 00:41:57,Class A,265036400,57.616687,11.685262,Under way using engine,,19.5,34.2,34.0,,SFE4956,PILOT 220 SE,Pilot,,6.0,18.0,Internal,1.5,SEGOT,,AIS,13.0,5.0,4.0,2.0
2025-01-25 00:41:58,Class A,265036400,57.616835,11.685447,Under way using engine,,19.1,34.3,36.0,,SFE4956,PILOT 220 SE,Pilot,,6.0,18.0,Internal,1.5,SEGOT,,AIS,13.0,5.0,4.0,2.0
2025-01-25 00:42:02,Class A,265036400,57.61715,11.68585,Under way using engine,,20.5,36.8,39.0,,SFE4956,PILOT 220 SE,Pilot,,6.0,18.0,Internal,1.5,SEGOT,,AIS,13.0,5.0,4.0,2.0
2025-01-25 00:42:04,Class A,265036400,57.6173,11.686068,Under way using engine,,20.6,36.4,35.0,,SFE4956,PILOT 220 SE,Pilot,,6.0,18.0,Internal,1.5,SEGOT,,AIS,13.0,5.0,4.0,2.0
2025-01-25 00:42:09,Class A,265036400,57.617612,11.686485,Under way using engine,,21.0,35.8,35.0,,SFE4956,PILOT 220 SE,Pilot,,6.0,18.0,Internal,1.5,SEGOT,,AIS,13.0,5.0,4.0,2.0
2025-01-25 00:42:12,Class A,265036400,57.617957,11.6869,Under way using engine,0.0,20.3,32.8,32.0,,SFE4956,PILOT 220 SE,Pilot,,6.0,18.0,Internal,1.5,SEGOT,,AIS,13.0,5.0,4.0,2.0
2025-01-25 00:42:14,Class A,265036400,57.618105,11.68707,Under way using engine,0.0,17.5,31.6,30.0,,SFE4956,PILOT 220 SE,Pilot,,6.0,18.0,Internal,1.5,SEGOT,,AIS,13.0,5.0,4.0,2.0
2025-01-25 00:42:16,Class A,265036400,57.618247,11.687205,Under way using engine,,17.2,23.1,26.0,,SFE4956,PILOT 220 SE,Pilot,,6.0,18.0,Internal,1.5,SEGOT,,AIS,13.0,5.0,4.0,2.0
2025-01-25 00:42:29,Class A,265036400,57.61905,11.688095,Under way using engine,0.0,18.7,32.0,33.0,,SFE4956,PILOT 220 SE,Pilot,,6.0,18.0,Internal,1.5,SEGOT,,AIS,13.0,5.0,4.0,2.0
2025-01-25 00:42:32,Class A,265036400,57.619362,11.68842,Under way using engine,,19.1,29.2,34.0,,SFE4956,PILOT 220 SE,Pilot,,6.0,18.0,Internal,1.5,SEGOT,,AIS,13.0,5.0,4.0,2.0
2025-01-25 00:42:34,Class A,265036400,57.619515,11.688592,Under way using engine,0.0,19.5,32.5,35.0,,SFE4956,PILOT 220 SE,Pilot,,6.0,18.0,Internal,1.5,SEGOT,,AIS,13.0,5.0,4.0,2.0
2025-01-25 00:42:36,Class A,265036400,57.619663,11.68877,Under way using engine,0.0,18.9,32.2,35.0,,SFE4956,PILOT 220 SE,Pilot,,6.0,18.0,Internal,1.5,SEGOT,,AIS,13.0,5.0,4.0,2.0
2025-01-25 00:42:39,Class A,265036400,57.61981,11.688933,Under way using engine,0.0,18.8,30.4,31.0,,SFE4956,PILOT 220 SE,Pilot,,6.0,18.0,Internal,1.5,SEGOT,,AIS,13.0,5.0,4.0,2.0
2025-01-25 00:42:42,Class A,265036400,57.620098,11.689242,Under way using engine,0.0,18.0,31.6,33.0,,SFE4956,PILOT 220 SE,Pilot,,6.0,18.0,Internal,1.5,SEGOT,,AIS,13.0,5.0,4.0,2.0
2025-01-25 00:42:44,Class A,265036400,57.620245,11.689397,Under way using engine,0.0,18.4,28.9,30.0,,SFE4956,PILOT 220 SE,Pilot,,6.0,18.0,Internal,1.5,SEGOT,,AIS,13.0,5.0,4.0,2.0
2025-01-25 00:42:50,Class A,265036400,57.620707,11.68994,Under way using engine,0.0,20.4,34.3,34.0,,SFE4956,PILOT 220 SE,Pilot,,6.0,18.0,Internal,1.5,SEGOT,,AIS,13.0,5.0,4.0,2.0
2025-01-25 00:42:52,Class A,265036400,57.620865,11.690133,Under way using engine,0.0,20.6,33.3,31.0,,SFE4956,PILOT 220 SE,Pilot,,6.0,18.0,Internal,1.5,SEGOT,,AIS,13.0,5.0,4.0,2.0
2025-01-25 00:42:54,Class A,265036400,57.62103,11.690347,Under way using engine,0.0,21.5,33.3,32.0,,SFE4956,PILOT 220 SE,Pilot,,6.0,18.0,Internal,1.5,SEGOT,,AIS,13.0,5.0,4.0,2.0
2025-01-25 00:42:58,Class A,265036400,57.621383,11.690788,Under way using engine,0.0,22.1,33.6,32.0,,SFE4956,PILOT 220 SE,Pilot,,6.0,18.0,Internal,1.5,SEGOT,,AIS,13.0,5.0,4.0,2.0
2025-01-25 00:43:02,Class A,265036400,57.621747,11.691172,Under way using engine,0.0,22.0,30.1,31.0,,SFE4956,PILOT 220 SE,Pilot,,6.0,18.0,Internal,1.5,SEGOT,,AIS,13.0,5.0,4.0,2.0
2025-01-25 00:43:04,Class A,265036400,57.62192,11.69137,Under way using engine,0.0,22.4,33.4,32.0,,SFE4956,PILOT 220 SE,Pilot,,6.0,18.0,Internal,1.5,SEGOT,,AIS,13.0,5.0,4.0,2.0
2025-01-25 00:43:06,Class A,265036400,57.622102,11.691565,Under way using engine,,23.1,29.1,30.0,,SFE4956,PILOT 220 SE,Pilot,,6.0,18.0,Internal,1.5,SEGOT,,AIS,13.0,5.0,4.0,2.0
2025-01-25 00:43:09,Class A,265036400,57.622288,11.69178,Under way using engine,0.0,23.7,31.8,29.0,,SFE4956,PILOT 220 SE,Pilot,,6.0,18.0,Internal,1.5,SEGOT,,AIS,13.0,5.0,4.0,2.0
2025-01-25 00:43:12,Class A,265036400,57.622665,11.692168,Under way using engine,0.0,23.9,36.5,35.0,,SFE4956,PILOT 220 SE,Pilot,,6.0,18.0,Internal,1.5,SEGOT,,AIS,13.0,5.0,4.0,2.0
2025-01-25 00:43:16,Class A,265036400,57.623065,11.692665,Under way using engine,0.0,27.9,32.6,32.0,,SFE4956,PILOT 220 SE,Pilot,,6.0,18.0,Internal,1.5,SEGOT,,AIS,13.0,5.0,4.0,2.0
2025-01-25 00:43:20,Class A,265036400,57.623455,11.69318,Under way using engine,0.0,23.8,37.6,33.0,,SFE4956,PILOT 220 SE,Pilot,,6.0,18.0,Internal,1.5,SEGOT,,AIS,13.0,5.0,4.0,2.0
2025-01-25 00:43:25,Class A,265036400,57.623818,11.693558,Under way using engine,0.0,21.8,28.6,32.0,,SFE4956,PILOT 220 SE,Pilot,,6.0,18.0,Internal,1.5,SEGOT,,AIS,13.0,5.0,4.0,2.0
2025-01-25 00:43:29,Class A,265036400,57.624195,11.693952,Under way using engine,0.0,23.9,29.1,31.0,,SFE4956,PILOT 220 SE,Pilot,,6.0,18.0,Internal,1.5,SEGOT,,AIS,13.0,5.0,4.0,2.0
2025-01-25 00:43:32,Class A,265036400,57.624555,11.694402,Under way using engine,0.0,24.4,33.9,32.0,,SFE4956,PILOT 220 SE,Pilot,,6.0,18.0,Internal,1.5,SEGOT,,AIS,13.0,5.0,4.0,2.0
2025-01-25 00:43:34,Class A,265036400,57.624738,11.694617,Under way using engine,0.0,23.7,31.7,31.0,,SFE4956,PILOT 220 SE,Pilot,,6.0,18.0,Internal,1.5,SEGOT,,AIS,13.0,5.0,4.0,2.0
2025-01-25 00:43:36,Class A,265036400,57.624933,11.69483,Under way using engine,0.0,24.6,29.4,30.0,,SFE4956,PILOT 220 SE,Pilot,,6.0,18.0,Internal,1.5,SEGOT,,AIS,13.0,5.0,4.0,2.0
2025-01-25 00:43:39,Class A,265036400,57.625135,11.695043,Under way using engine,0.0,25.3,30.1,31.0,,SFE4956,PILOT 220 SE,Pilot,,6.0,18.0,Internal,1.5,SEGOT,,AIS,13.0,5.0,4.0,2.0
2025-01-25 00:43:40,Class A,265036400,57.62531,11.695275,Under way using engine,0.0,22.4,35.7,30.0,,SFE4956,PILOT 220 SE,Pilot,,6.0,18.0,Internal,1.5,SEGOT,,AIS,13.0,5.0,4.0,2.0
2025-01-25 00:43:42,Class A,265036400,57.625493,11.695462,Under way using engine,0.0,21.6,28.5,30.0,,SFE4956,PILOT 220 SE,Pilot,,6.0,18.0,Internal,1.5,SEGOT,,AIS,13.0,5.0,4.0,2.0
2025-01-25 00:43:44,Class A,265036400,57.62568,11.695655,Under way using engine,,24.1,28.7,29.0,,SFE4956,PILOT 220 SE,Pilot,,6.0,18.0,Internal,1.5,SEGOT,,AIS,13.0,5.0,4.0,2.0
2025-01-25 00:43:50,Class A,265036400,57.626228,11.696308,Under way using engine,0.0,24.7,34.2,33.0,,SFE4956,PILOT 220 SE,Pilot,,6.0,18.0,Internal,1.5,SEGOT,,AIS,13.0,5.0,4.0,2.0
2025-01-25 00:43:52,Class A,265036400,57.626415,11.696532,Under way using engine,0.0,23.7,33.1,31.0,,SFE4956,PILOT 220 SE,Pilot,,6.0,18.0,Internal,1.5,SEGOT,,AIS,13.0,5.0,4.0,2.0
2025-01-25 00:43:54,Class A,265036400,57.626607,11.696743,Under way using engine,0.0,24.4,28.5,28.0,,SFE4956,PILOT 220 SE,Pilot,,6.0,18.0,Internal,1.5,SEGOT,,AIS,13.0,5.0,4.0,2.0
2025-01-25 00:43:57,Class A,265036400,57.6268,11.69693,Under way using engine,0.0,23.1,27.4,29.0,,SFE4956,PILOT 220 SE,Pilot,,6.0,18.0,Internal,1.5,SEGOT,,AIS,13.0,5.0,4.0,2.0
2025-01-25 00:43:58,Class A,265036400,57.626998,11.697132,Under way using engine,0.0,23.3,29.1,29.0,,SFE4956,PILOT 220 SE,Pilot,,6.0,18.0,Internal,1.5,SEGOT,,AIS,13.0,5.0,4.0,2.0
2025-01-25 00:44:04,Class A,265036400,57.62757,11.697732,Under way using engine,0.0,23.9,29.5,31.0,,SFE4956,PILOT 220 SE,Pilot,,6.0,18.0,Internal,1.5,SEGOT,,AIS,13.0,5.0,4.0,2.0
2025-01-25 00:44:06,Class A,265036400,57.627768,11.69794,Under way using engine,0.0,24.9,30.2,31.0,,SFE4956,PILOT 220 SE,Pilot,,6.0,18.0,Internal,1.5,SEGOT,,AIS,13.0,5.0,4.0,2.0
2025-01-25 00:44:09,Class A,265036400,57.627965,11.698173,Under way using engine,0.0,26.3,33.0,31.0,,SFE4956,PILOT 220 SE,Pilot,,6.0,18.0,Internal,1.5,SEGOT,,AIS,13.0,5.0,4.0,2.0
2025-01-25 00:44:11,Class A,265036400,57.628165,11.698408,Under way using engine,0.0,24.7,31.6,31.0,,SFE4956,PILOT 220 SE,Pilot,,6.0,18.0,Internal,1.5,SEGOT,,AIS,13.0,5.0,4.0,2.0
2025-01-25 00:44:12,Class A,265036400,57.628358,11.698622,Under way using engine,0.0,23.8,30.4,31.0,,SFE4956,PILOT 220 SE,Pilot,,6.0,18.0,Internal,1.5,SEGOT,,AIS,13.0,5.0,4.0,2.0
2025-01-25 00:44:18,Class A,265036400,57.628982,11.699255,Under way using engine,0.0,26.4,29.8,30.0,,SFE4956,PILOT 220 SE,Pilot,,6.0,18.0,Internal,1.5,SEGOT,,AIS,13.0,5.0,4.0,2.0
2025-01-25 00:44:20,Class A,265036400,57.629192,11.699485,Under way using engine,0.0,26.9,30.7,30.0,,SFE4956,PILOT 220 SE,Pilot,,6.0,18.0,Internal,1.5,SEGOT,,AIS,13.0,5.0,4.0,2.0
2025-01-25 00:44:28,Class A,265036400,57.63005,11.70026,Under way using engine,0.0,25.2,25.9,29.0,,SFE4956,PILOT 220 SE,Pilot,,6.0,18.0,Internal,1.5,SEGOT,,AIS,13.0,5.0,4.0,2.0
2025-01-25 00:44:31,Class A,265036400,57.630242,11.700463,Under way using engine,0.0,23.4,32.7,32.0,,SFE4956,PILOT 220 SE,Pilot,,6.0,18.0,Internal,1.5,SEGOT,,AIS,13.0,5.0,4.0,2.0
2025-01-25 00:44:32,Class A,265036400,57.630432,11.700687,Under way using engine,0.0,24.2,30.1,31.0,,SFE4956,PILOT 220 SE,Pilot,,6.0,18.0,Internal,1.5,SEGOT,,AIS,13.0,5.0,4.0,2.0
2025-01-25 00:44:34,Class A,265036400,57.63063,11.700922,Under way using engine,0.0,26.1,33.5,33.0,,SFE4956,PILOT 220 SE,Pilot,,6.0,18.0,Internal,1.5,SEGOT,,AIS,13.0,5.0,4.0,2.0
2025-01-25 00:44:39,Class A,265036400,57.631033,11.701395,Under way using engine,0.0,23.4,30.9,29.0,,SFE4956,PILOT 220 SE,Pilot,,6.0,18.0,Internal,1.5,SEGOT,,AIS,13.0,5.0,4.0,2.0
2025-01-25 00:44:40,Class A,265036400,57.63122,11.701605,Under way using engine,0.0,24.1,33.0,32.0,,SFE4956,PILOT 220 SE,Pilot,,6.0,18.0,Internal,1.5,SEGOT,,AIS,13.0,5.0,4.0,2.0
2025-01-25 00:44:43,Class A,265036400,57.631412,11.701838,Under way using engine,0.0,25.9,32.3,32.0,,SFE4956,PILOT 220 SE,Pilot,,6.0,18.0,Internal,1.5,SEGOT,,AIS,13.0,5.0,4.0,2.0
2025-01-25 00:44:44,Class A,265036400,57.631608,11.702062,Under way using engine,0.0,23.9,31.6,32.0,,SFE4956,PILOT 220 SE,Pilot,,6.0,18.0,Internal,1.5,SEGOT,,AIS,13.0,5.0,4.0,2.0
2025-01-25 00:44:52,Class A,265036400,57.6323,11.702763,Under way using engine,0.0,19.6,26.0,28.0,,SFE4956,PILOT 220 SE,Pilot,,6.0,18.0,Internal,1.5,SEGOT,,AIS,13.0,5.0,4.0,2.0
2025-01-25 00:44:54,Class A,265036400,57.632462,11.702927,Under way using engine,,20.5,29.7,32.0,,SFE4956,PILOT 220 SE,Pilot,,6.0,18.0,Internal,1.5,SEGOT,,AIS,13.0,5.0,4.0,2.0
2025-01-25 00:44:57,Class A,265036400,57.63262,11.703107,Under way using engine,,20.2,31.8,31.0,,SFE4956,PILOT 220 SE,Pilot,,6.0,18.0,Internal,1.5,SEGOT,,AIS,13.0,5.0,4.0,2.0
2025-01-25 00:45:02,Class A,265036400,57.633112,11.703623,Under way using engine,0.0,21.3,26.3,31.0,,SFE4956,PILOT 220 SE,Pilot,,6.0,18.0,Internal,1.5,SEGOT,,AIS,13.0,5.0,4.0,2.0
2025-01-25 00:45:04,Class A,265036400,57.633282,11.703807,Under way using engine,0.0,21.1,31.1,30.0,,SFE4956,PILOT 220 SE,Pilot,,6.0,18.0,Internal,1.5,SEGOT,,AIS,13.0,5.0,4.0,2.0
2025-01-25 00:45:06,Class A,265036400,57.633457,11.703998,Under way using engine,0.0,22.5,29.8,30.0,,SFE4956,PILOT 220 SE,Pilot,,6.0,18.0,Internal,1.5,SEGOT,,AIS,13.0,5.0,4.0,2.0
2025-01-25 00:45:08,Class A,265036400,57.633632,11.7042,Under way using engine,0.0,22.2,33.9,33.0,,SFE4956,PILOT 220 SE,Pilot,,6.0,18.0,Internal,1.5,SEGOT,,AIS,13.0,5.0,4.0,2.0
2025-01-25 00:45:11,Class A,265036400,57.633808,11.704407,Under way using engine,0.0,23.1,31.9,32.0,,SFE4956,PILOT 220 SE,Pilot,,6.0,18.0,Internal,1.5,SEGOT,,AIS,13.0,5.0,4.0,2.0
2025-01-25 00:45:12,Class A,265036400,57.63399,11.704622,Under way using engine,0.0,22.5,32.5,34.0,,SFE4956,PILOT 220 SE,Pilot,,6.0,18.0,Internal,1.5,SEGOT,,AIS,13.0,5.0,4.0,2.0
2025-01-25 00:45:16,Class A,265036400,57.634357,11.705082,Under way using engine,0.0,24.8,33.5,32.0,,SFE4956,PILOT 220 SE,Pilot,,6.0,18.0,Internal,1.5,SEGOT,,AIS,13.0,5.0,4.0,2.0
2025-01-25 00:45:18,Class A,265036400,57.634548,11.705302,Under way using engine,0.0,24.2,29.9,32.0,,SFE4956,PILOT 220 SE,Pilot,,6.0,18.0,Internal,1.5,SEGOT,,AIS,13.0,5.0,4.0,2.0
2025-01-25 00:45:20,Class A,265036400,57.634738,11.705513,Under way using engine,,24.6,32.5,32.0,,SFE4956,PILOT 220 SE,Pilot,,6.0,18.0,Internal,1.5,SEGOT,,AIS,13.0,5.0,4.0,2.0
2025-01-25 00:45:28,Class A,265036400,57.635502,11.706435,Under way using engine,0.0,23.1,32.8,32.0,,SFE4956,PILOT 220 SE,Pilot,,6.0,18.0,Internal,1.5,SEGOT,,AIS,13.0,5.0,4.0,2.0
2025-01-25 00:45:31,Class A,265036400,57.635688,11.70665,Under way using engine,,23.7,31.0,33.0,,SFE4956,PILOT 220 SE,Pilot,,6.0,18.0,Internal,1.5,SEGOT,,AIS,13.0,5.0,4.0,2.0
2025-01-25 00:45:34,Class A,265036400,57.636057,11.707078,Under way using engine,0.0,23.7,32.7,33.0,,SFE4956,PILOT 220 SE,Pilot,,6.0,18.0,Internal,1.5,SEGOT,,AIS,13.0,5.0,4.0,2.0
2025-01-25 00:45:39,Class A,265036400,57.63645,11.707562,Under way using engine,0.0,26.3,34.5,34.0,,SFE4956,PILOT 220 SE,Pilot,,6.0,18.0,Internal,1.5,SEGOT,,AIS,13.0,5.0,4.0,2.0
2025-01-25 00:45:40,Class A,265036400,57.636642,11.707793,Under way using engine,0.0,23.8,33.3,34.0,,SFE4956,PILOT 220 SE,Pilot,,6.0,18.0,Internal,1.5,SEGOT,,AIS,13.0,5.0,4.0,2.0
2025-01-25 00:45:43,Class A,265036400,57.636827,11.708028,Under way using engine,0.0,24.4,35.6,35.0,,SFE4956,PILOT 220 SE,Pilot,,6.0,18.0,Internal,1.5,SEGOT,,AIS,13.0,5.0,4.0,2.0
2025-01-25 00:45:44,Class A,265036400,57.637017,11.708263,Under way using engine,0.0,25.4,32.7,33.0,,SFE4956,PILOT 220 SE,Pilot,,6.0,18.0,Internal,1.5,SEGOT,,AIS,13.0,5.0,4.0,2.0
2025-01-25 00:45:54,Class A,265036400,57.637977,11.709435,Under way using engine,0.0,23.6,33.0,34.0,,SFE4956,PILOT 220 SE,Pilot,,6.0,18.0,Internal,1.5,SEGOT,,AIS,13.0,5.0,4.0,2.0
2025-01-25 00:45:57,Class A,265036400,57.638158,11.70966,Under way using engine,0.0,24.1,33.7,32.0,,SFE4956,PILOT 220 SE,Pilot,,6.0,18.0,Internal,1.5,SEGOT,,AIS,13.0,5.0,4.0,2.0
2025-01-25 00:45:58,Class A,265036400,57.63835,11.709878,Under way using engine,0.0,24.2,30.6,31.0,,SFE4956,PILOT 220 SE,Pilot,,6.0,18.0,Internal,1.5,SEGOT,,AIS,13.0,5.0,4.0,2.0
2025-01-25 00:46:01,Class A,265036400,57.638538,11.710093,Under way using engine,0.0,23.7,31.9,33.0,,SFE4956,PILOT 220 SE,Pilot,,6.0,18.0,Internal,1.5,SEGOT,,AIS,13.0,5.0,4.0,2.0
2025-01-25 00:46:06,Class A,265036400,57.639118,11.710837,Under way using engine,0.0,26.5,34.5,35.0,,SFE4956,PILOT 220 SE,Pilot,,6.0,18.0,Internal,1.5,SEGOT,,AIS,13.0,5.0,4.0,2.0
2025-01-25 00:46:08,Class A,265036400,57.63931,11.711067,Under way using engine,0.0,23.7,33.1,34.0,,SFE4956,PILOT 220 SE,Pilot,,6.0,18.0,Internal,1.5,SEGOT,,AIS,13.0,5.0,4.0,2.0
2025-01-25 00:46:11,Class A,265036400,57.639492,11.711298,Under way using engine,0.0,23.7,32.8,34.0,,SFE4956,PILOT 220 SE,Pilot,,6.0,18.0,Internal,1.5,SEGOT,,AIS,13.0,5.0,4.0,2.0
2025-01-25 00:46:16,Class A,265036400,57.640048,11.711987,Under way using engine,0.0,23.5,32.6,34.0,,SFE4956,PILOT 220 SE,Pilot,,6.0,18.0,Internal,1.5,SEGOT,,AIS,13.0,5.0,4.0,2.0
2025-01-25 00:46:22,Class A,265036400,57.640607,11.712682,Under way using engine,0.0,24.1,36.7,38.0,,SFE4956,PILOT 220 SE,Pilot,,6.0,18.0,Internal,1.5,SEGOT,,AIS,13.0,5.0,4.0,2.0
2025-01-25 00:46:32,Class A,265036400,57.641503,11.71382,Under way using engine,0.0,20.2,34.3,35.0,,SFE4956,PILOT 220 SE,Pilot,,6.0,18.0,Internal,1.5,SEGOT,,AIS,13.0,5.0,4.0,2.0
2025-01-25 00:46:36,Class A,265036400,57.641828,11.71424,Under way using engine,0.0,21.9,33.4,34.0,,SFE4956,PILOT 220 SE,Pilot,,6.0,18.0,Internal,1.5,SEGOT,,AIS,13.0,5.0,4.0,2.0
2025-01-25 00:46:39,Class A,265036400,57.641992,11.714433,Under way using engine,0.0,20.1,31.7,34.0,,SFE4956,PILOT 220 SE,Pilot,,6.0,18.0,Internal,1.5,SEGOT,,AIS,13.0,5.0,4.0,2.0
2025-01-25 00:46:40,Class A,265036400,57.642155,11.714637,Under way using engine,0.0,22.1,33.8,33.0,,SFE4956,PILOT 220 SE,Pilot,,6.0,18.0,Internal,1.5,SEGOT,,AIS,13.0,5.0,4.0,2.0
2025-01-25 00:46:43,Class A,265036400,57.64233,11.714852,Under way using engine,0.0,22.4,34.4,35.0,,SFE4956,PILOT 220 SE,Pilot,,6.0,18.0,Internal,1.5,SEGOT,,AIS,13.0,5.0,4.0,2.0
2025-01-25 00:46:54,Class A,265036400,57.643403,11.716327,Under way using engine,0.0,23.9,39.1,39.0,,SFE4956,PILOT 220 SE,Pilot,,6.0,18.0,Internal,1.5,SEGOT,,AIS,13.0,5.0,4.0,2.0
2025-01-25 00:47:06,Class A,265036400,57.644457,11.717823,Under way using engine,,21.7,40.2,40.0,,SFE4956,PILOT 220 SE,Pilot,,6.0,18.0,Internal,1.5,SEGOT,,AIS,13.0,5.0,4.0,2.0
2025-01-25 00:47:08,Class A,265036400,57.64461,11.718057,Under way using engine,0.0,20.9,37.9,38.0,,SFE4956,PILOT 220 SE,Pilot,,6.0,18.0,Internal,1.5,SEGOT,,AIS,13.0,5.0,4.0,2.0
2025-01-25 00:47:34,Class A,265036400,57.646865,11.721275,Under way using engine,0.0,22.8,33.5,36.0,,SFE4956,PILOT 220 SE,Pilot,,6.0,18.0,Internal,1.5,SEGOT,,AIS,13.0,5.0,4.0,2.0
2025-01-25 00:47:36,Class A,265036400,57.647033,11.721505,Under way using engine,0.0,23.0,37.4,36.0,,SFE4956,PILOT 220 SE,Pilot,,6.0,18.0,Internal,1.5,SEGOT,,AIS,13.0,5.0,4.0,2.0
2025-01-25 00:47:38,Class A,265036400,57.647212,11.721747,Under way using engine,0.0,23.5,35.6,37.0,,SFE4956,PILOT 220 SE,Pilot,,6.0,18.0,Internal,1.5,SEGOT,,AIS,13.0,5.0,4.0,2.0
2025-01-25 00:47:40,Class A,265036400,57.647393,11.721997,Under way using engine,0.0,23.8,37.7,36.0,,SFE4956,PILOT 220 SE,Pilot,,6.0,18.0,Internal,1.5,SEGOT,,AIS,13.0,5.0,4.0,2.0
2025-01-25 00:47:49,Class A,265036400,57.648133,11.723037,Under way using engine,0.0,25.2,36.3,38.0,,SFE4956,PILOT 220 SE,Pilot,,6.0,18.0,Internal,1.5,SEGOT,,AIS,13.0,5.0,4.0,2.0
2025-01-25 00:47:55,Class A,265036400,57.648705,11.72383,Under way using engine,0.0,24.3,35.6,37.0,,SFE4956,PILOT 220 SE,Pilot,,6.0,18.0,Internal,1.5,SEGOT,,AIS,13.0,5.0,4.0,2.0
2025-01-25 00:48:00,Class A,265036400,57.649228,11.724677,Under way using engine,,23.4,48.1,50.0,,SFE4956,PILOT 220 SE,Pilot,,6.0,18.0,Internal,1.5,SEGOT,,AIS,13.0,5.0,4.0,2.0
2025-01-25 01:00:36,Class A,265036400,57.68319,11.865102,Under way using engine,,9.2,64.0,66.0,,SFE4956,PILOT 220 SE,Pilot,,6.0,18.0,Internal,1.5,SEGOT,,AIS,13.0,5.0,4.0,2.0
